<?xml version="1.0" encoding="utf-8"?>
<window type="dialog" id="1135">
	<onload>Dialog.Close(fullscreeninfo,true)</onload>
    	<visible>Window.IsVisible(fullscreenvideo) + VideoPlayer.Content(livetv) + [Integer.IsGreater(PVR.EpgEventDuration(mm),05) | Integer.IsGreater(PVR.EpgEventDuration(hh),00)]</visible>
    <visible>!Window.IsVisible(videoosd) + !Window.IsVisible(DialogPVRChannelsOSD.xml) + !Window.IsVisible(pvrchannelguide) + !Window.IsVisible(fullscreeninfo)</visible>
    <controls>
		<!-- Dummy Image (out of screen) to get the PVR-thumb earlier -->
		<control type="image">
			<top>-1000</top>
			<width>84</width>
			<height>56</height>
			<aspectratio align="center" aligny="center">keep</aspectratio>
			<texture>http://localhost:52307/getpvrthumb&amp;title=$ESCINFO[VideoPlayer.NextTitle]&amp;type=landscape,fanart,thumb</texture>
            <visible>Integer.IsLessOrEqual(PVR.EpgEventRemainingTime(secs),80) + System.IdleTime(20)</visible>
		</control>
		<!-- NextUp Notification -->
		<control type="group">
            <visible>Integer.IsLessOrEqual(PVR.EpgEventRemainingTime(secs),20) + System.IdleTime(20)</visible>
			<left>1480</left>
			<top>700</top>
			<animation effect="slide" start="500,0" end="0,0" time="300" tween="quadratic">WindowOpen</animation>
			<animation effect="slide" end="500,0" start="0,0" time="300" tween="quadratic">WindowClose</animation>
			<animation effect="slide" end="500,0" start="0,0" time="300" tween="quadratic">Hidden</animation>
			<width>420</width>
			<height>324</height>
			<control type="image">
				<width>420</width>
				<height>378</height>
				<texture border="40">dialogs/default/bg.png</texture>
				<animation effect="fade" end="85" condition="true">Conditional</animation>
				<aspectratio scalediffuse="false">scale</aspectratio>
			</control>
			<control type="image">
				<top>15</top>
				<left>10</left>
				<width>84</width>
				<height>56</height>
				<aspectratio align="center" aligny="center">keep</aspectratio>
				<texture fallback="DefaultVideoFanart.png">$INFO[Player.Art(thumb)]</texture>
				<visible>!String.IsEmpty(Control.GetLabel(123123))</visible>
			</control>
			<control type="label">
				<left>130</left>
				<top>25</top>
				<width>290</width>
				<height>36</height>
				<aligny>center</aligny>
				<align>left</align>
				<textoffsetx>5</textoffsetx>
				<font>font12</font>
				<shadowcolor>black</shadowcolor>
				<label>$LOCALIZE[31234]</label>
				<scroll>true</scroll>
			</control>
			<control type="image">
				<top>76</top>
				<left>10</left>
				<width>400</width>
				<height>200</height>
				<aspectratio align="center" aligny="center">keep</aspectratio>
				<texture>$INFO[Player.Art(thumb)]</texture>
			</control>
			<control type="image" id="123123">
				<top>70</top>
				<left>10</left>
				<width>400</width>
				<height>210</height>
				<aspectratio align="center" aligny="center">keep</aspectratio>
				<texture>http://localhost:52307/getpvrthumb&amp;title=$ESCINFO[VideoPlayer.NextTitle]&amp;type=landscape,fanart,thumb</texture>
				<visible>System.HasAddon(script.skin.helper.service) + Skin.HasSetting(SkinHelper.EnablePVRThumbs)</visible>
			</control>
			<control type="group">
				<visible>!String.IsEmpty(VideoPlayer.NextPlotoutline)</visible>
				<control type="label">
					<top>280</top>
					<width>420</width>
					<height>48</height>
					<font>font15</font>
					<shadowcolor>black</shadowcolor>
					<align>center</align>
					<aligny>center</aligny>
					<textoffsetx>5</textoffsetx>
					<scroll>true</scroll>
					<label>$INFO[VideoPlayer.NextTitle]</label>
				</control>
				<control type="label">
					<top>330</top>
					<width>420</width>
					<height>28</height>
					<font>font12</font>
					<shadowcolor>black</shadowcolor>
					<align>center</align>
					<aligny>center</aligny>
					<textoffsetx>5</textoffsetx>
					<scroll>true</scroll>
					<label>($INFO[VideoPlayer.NextPlotoutline])</label>
				</control>
			</control>
			<control type="label">
				<top>300</top>
				<width>420</width>
				<height>48</height>
				<font>font15</font>
				<shadowcolor>black</shadowcolor>
				<align>center</align>
				<aligny>center</aligny>
				<textoffsetx>5</textoffsetx>
				<scroll>true</scroll>
				<label>$INFO[VideoPlayer.NextTitle]</label>
				<visible>String.IsEmpty(VideoPlayer.NextPlotoutline)</visible>
			</control>
		</control>
	</controls>
</window>
