<?xml version="1.0" encoding="UTF-8"?>
<window>
	<defaultcontrol always="true">9000</defaultcontrol>
	<onload condition="!Skin.HasSetting(WarnedOnFileManager) + !String.IsEmpty(Window(Home).Property(NotifyFilemanager))">ActivateWindow(1126)</onload>
	<coordinates>
		<system>1</system>
		<left>160</left>
		<top>245</top>
	</coordinates>
	<include>DialogOpenCloseAnimation</include>
	<animation effect="slide" end="0,-35" condition="Control.IsVisible(6)">Conditional</animation>
	<controls>
		<control type="image">
			<width>1600</width>
			<height>660</height>
			<texture border="40">dialogs/default/bg.png</texture>
			<visible>Control.IsVisible(6)</visible>
		</control>
		<control type="image">
			<left>293</left>
			<width>1030</width>
			<height>590</height>
			<texture border="40">dialogs/default/bg.png</texture>
            <visible>[!Control.IsVisible(6) + !Control.IsVisible(5)] | Window.IsActive(gameviewmode)</visible>
		</control>
		<control type="image">
			<left>293</left>
			<width>1030</width>
			<height>660</height>
			<texture border="40">dialogs/default/bg.png</texture>
			<visible>!Control.IsVisible(6) + Control.IsVisible(5)</visible>
		</control>
        
        <include condition="Window.IsActive(gamevideofilter)">GameDialogSelectFilterLayout</include>
        <include condition="Window.IsActive(gameviewmode)">GameDialogSelectViewLayout</include>
        <include condition="Window.IsActive(gamevideorotation)">GameDialogSelectViewLayout</include>
        
		<control type="group">
			<visible>!Control.IsVisible(3)</visible>
			<left>17</left>
			<top>30</top>
			<control type="label">
				<left>33</left>
				<width>1460</width>
				<height>40</height>
				<font>font16_title_bold</font>
				<label>$INFO[Control.GetLabel(1)]</label>
				<textcolor>dialogheader</textcolor>
				<scroll>true</scroll>
			</control>
			<control type="image">
				<top>50</top>
				<width>1566</width>
				<height>1</height>
				<texture colordiffuse="$VAR[ThemeLabelColor]">new_pvr/osd_line_white.png</texture>
			</control>
		</control>
		<control type="group">
			<visible>Control.IsVisible(3)</visible>
			<left>310</left>
			<top>30</top>
			<control type="label">
				<left>30</left>
				<width>1000</width>
				<height>40</height>
				<font>font16_title_bold</font>
				<label>$INFO[Control.GetLabel(1)]</label>
				<textcolor>dialogheader</textcolor>
				<scroll>true</scroll>
			</control>
			<control type="image">
				<top>50</top>
				<width>996</width>
				<height>1</height>
				<texture colordiffuse="$VAR[ThemeLabelColor]">new_pvr/osd_line_white.png</texture>
			</control>
		</control>
		<control type="group">
			<left>1080</left>
			<top>84</top>
			<control type="multiimage">
				<width>495</width>
				<height>495</height>
				<timeperimage>70</timeperimage>
				<fadetime>1</fadetime>
				<randomize>false</randomize>
				<aspectratio aligny="top">keep</aspectratio>
				<imagepath background="true">$INFO[Container(6).ListItem.Icon]</imagepath>
				<visible>Control.IsVisible(6)</visible>
			</control>
		</control>
		<control type="group" id="9000">
			<control type="list" id="3">
				<left>480</left>
				<top>88</top>
				<width>980</width>
				<height>480</height>
				<onup>3</onup>
				<ondown>3</ondown>
				<onleft>60</onleft>
				<onright>97</onright>
				<pagecontrol>60</pagecontrol>
				<animation effect="slide" start="0" end="-157" time="0" tween="quadratic" condition="!Control.IsVisible(6)">Conditional</animation>
				<scrolltime tween="quadratic" easing="out">200</scrolltime>
				<itemlayout height="60" width="980" condition="!Control.IsVisible(6)">
					<control type="label">
						<width>980</width>
						<height>60</height>
						<textoffsetx>15</textoffsetx>
						<font>font14</font>
						<textcolor>grey2</textcolor>
						<label>$INFO[ListItem.Label]</label>
					</control>
					<control type="label">
						<width>980</width>
						<height>60</height>
						<textoffsetx>15</textoffsetx>
						<font>font14</font>
						<textcolor>grey2</textcolor>
						<align>right</align>
						<label>$INFO[ListItem.Label2]</label>
					</control>
				</itemlayout>
				<focusedlayout height="60" width="980" condition="!Control.IsVisible(6)">
					<control type="image">
						<width>980</width>
						<height>60</height>
						<texture colordiffuse="$VAR[HighlightBarColor]" border="5">listselect_fo.png</texture>
						<visible>Control.HasFocus(3)</visible>
						<include>VisibleFadeAnimation</include>
					</control>
					<control type="label">
						<width>980</width>
						<height>60</height>
						<textoffsetx>15</textoffsetx>
						<font>font14</font>
						<scroll>true</scroll>
						<label>$INFO[ListItem.Label]</label>
						<animation effect="fade" start="100" end="70" time="300" tween="sine" easing="inout" condition="!Control.HasFocus(3)">Conditional</animation>
					</control>
					<control type="label">
						<width>980</width>
						<height>60</height>
						<textoffsetx>15</textoffsetx>
						<font>font14</font>
						<align>right</align>
						<label>$INFO[ListItem.Label2]</label>
						<animation effect="fade" start="100" end="70" time="300" tween="sine" easing="inout" condition="!Control.HasFocus(3)">Conditional</animation>
					</control>
				</focusedlayout>
				<itemlayout height="60" width="800" condition="Control.IsVisible(6)">
					<control type="label">
						<width>780</width>
						<height>60</height>
						<textoffsetx>15</textoffsetx>
						<font>font14</font>
						<textcolor>grey2</textcolor>
						<label>$INFO[ListItem.Label]</label>
					</control>
					<control type="label">
						<width>780</width>
						<height>60</height>
						<textoffsetx>15</textoffsetx>
						<font>font14</font>
						<textcolor>grey2</textcolor>
						<align>right</align>
						<label>$INFO[ListItem.Label2]</label>
					</control>
				</itemlayout>
				<focusedlayout height="60" width="800" condition="Control.IsVisible(6)">
					<control type="image">
						<width>780</width>
						<height>60</height>
						<texture colordiffuse="$VAR[HighlightBarColor]" border="5">listselect_fo.png</texture>
						<visible>Control.HasFocus(3)</visible>
						<include>VisibleFadeAnimation</include>
					</control>
					<control type="label">
						<width>780</width>
						<height>60</height>
						<textoffsetx>15</textoffsetx>
						<font>font14</font>
						<scroll>true</scroll>
						<label>$INFO[ListItem.Label]</label>
						<animation effect="fade" start="100" end="70" time="300" tween="sine" easing="inout" condition="!Control.HasFocus(3)">Conditional</animation>
					</control>
					<control type="label">
						<width>780</width>
						<height>60</height>
						<textoffsetx>15</textoffsetx>
						<font>font14</font>
						<align>right</align>
						<label>$INFO[ListItem.Label2]</label>
						<animation effect="fade" start="100" end="70" time="300" tween="sine" easing="inout" condition="!Control.HasFocus(3)">Conditional</animation>
					</control>
				</focusedlayout>
			</control>
			<control type="list" id="6">
				<left>32</left>
				<top>88</top>
				<width>1030</width>
				<height>550</height>
				<onup>6</onup>
				<ondown>6</ondown>
				<onleft>60</onleft>
				<onright>97</onright>
				<pagecontrol>60</pagecontrol>
				<scrolltime tween="quadratic" easing="out">200</scrolltime>
				<itemlayout height="55" width="1041">
					<control type="label">
						<width>1030</width>
						<height>55</height>
						<font>font14</font>
						<textoffsetx>15</textoffsetx>
						<textcolor>grey2</textcolor>
						<label>$INFO[ListItem.Label]</label>
					</control>
					<control type="label">
						<width>1030</width>
						<height>55</height>
						<font>font14</font>
						<textoffsetx>15</textoffsetx>
						<textcolor>grey2</textcolor>
						<align>right</align>
						<label>$VAR[DialogSelectLabel2Var]</label>
					</control>
				</itemlayout>
				<focusedlayout height="55" width="1041">
					<control type="image">
						<left>1</left>
						<width>1030</width>
						<height>55</height>
						<texture colordiffuse="$VAR[HighlightBarColor]" border="5">listselect_fo.png</texture>
						<visible>Control.HasFocus(6)</visible>
						<include>VisibleFadeAnimation</include>
					</control>
					<control type="label">
						<width>1030</width>
						<height>55</height>
						<font>font14</font>
						<textoffsetx>15</textoffsetx>
						<label>$INFO[ListItem.Label]</label>
						<animation effect="fade" start="100" end="70" time="300" tween="sine" easing="inout" condition="!Control.HasFocus(6)">Conditional</animation>
					</control>
					<control type="label">
						<width>1030</width>
						<height>55</height>
						<font>font14</font>
						<textoffsetx>15</textoffsetx>
						<align>right</align>
						<label>$VAR[DialogSelectLabel2Var]</label>
						<animation effect="fade" start="100" end="70" time="300" tween="sine" easing="inout" condition="!Control.HasFocus(6)">Conditional</animation>
					</control>
				</focusedlayout>
			</control>
		</control>
		<control type="scrollbar" id="60">
			<left>16</left>
			<top>88</top>
			<height>480</height>
			<width>14</width>
			<onleft>5</onleft>
			<onright>9000</onright>
			<ondown>60</ondown>
			<onup>60</onup>
			<showonepage>false</showonepage>
			<texturesliderbackground />
			<texturesliderbar colordiffuse="80FFFFFF" border="4">scrollbar/texturesliderbar3.png</texturesliderbar>
			<texturesliderbarfocus border="4">scrollbar/texturesliderbar3.png</texturesliderbarfocus>
			<animation effect="slide" start="0" end="293" time="0" tween="quadratic" condition="!Control.IsVisible(6)">Conditional</animation>
		</control>
		<control type="group">
			<animation effect="slide" start="0" end="-280" time="0" condition="!Control.IsVisible(6)">Conditional</animation>
			<left>1080</left>
			<top>2</top>
			<control type="button" id="97">
				<description>Cancel button</description>
				<left>430</left>
				<texturefocus />
				<texturenofocus />
				<width>80</width>
				<height>90</height>
				<align>right</align>
				<font>IconMedium</font>
				<textcolor>grey2</textcolor>
				<focusedcolor>$VAR[HighlightBarColor]</focusedcolor>
				<label></label>
				<onclick>back</onclick>
				<onleft>9000</onleft>
				<ondown>5</ondown>
			</control>
			<control type="button" id="5">
				<description>Manual button</description>
				<top>578</top>
				<width>495</width>
				<label>186</label>
				<align>right</align>
				<textcolor>grey2</textcolor>
				<onleft>9000</onleft>
				<onup>97</onup>
				<animation effect="slide" start="0" end="-112" time="0" condition="!Control.IsVisible(6) + !Control.IsVisible(5)">Conditional</animation>
			</control>
		</control>
		<control type="label" id="1">
			<include>HiddenObject</include>
		</control>
		<control type="button" id="7">
			<description>Cancel button</description>
			<include>HiddenObject</include>
		</control>
	</controls>
</window>
