<?xml version="1.0" encoding="UTF-8"?>
<window>
	<defaultcontrol always="true">11</defaultcontrol>
	<controls>
        <!-- PVR ClearArt -->
        <control type="image">
            <top>675</top>
            <left>1300</left>
            <width>600</width>
            <height>405</height>
            <aspectratio align="right" aligny="bottom">keep</aspectratio>
            <texture background="true">http://localhost:52307/getpvrthumb&amp;title=$ESCINFO[ListItem.Title]&amp;type=clearart,poster</texture>
            <fadetime>200</fadetime>
            <animation effect="slide" start="1000,0" end="0,0" time="600" tween="quadratic" easing="out">WindowOpen</animation>
            <animation effect="slide" start="0,0" end="1000,0" time="400" tween="quadratic" easing="in">WindowClose</animation>
        </control>
		<control type="group">
			<animation effect="slide" start="-1000,0" end="0,0" time="600" tween="quadratic" easing="out">WindowOpen</animation>
			<animation effect="slide" start="0,0" end="-1000,0" time="400" tween="quadratic" easing="in">WindowClose</animation>
			<control type="image">
				<left>-32</left>
				<width>1000</width>
				<height>1080</height>
				<texture colordiffuse="CCFFFFFF" border="40">mediamenu_back.png</texture>
			</control>
			<control type="image">
				<left>20</left>
				<top>20</top>
				<width>200</width>
				<height>150</height>
				<aspectratio>keep</aspectratio>
				<texture background="true" fallback="DefaultTVShows.png">$INFO[VideoPlayer.Cover]</texture>
			</control>
			<control type="label">
				<left>250</left>
				<top>10</top>
				<width>750</width>
				<height>150</height>
				<font>font60</font>
				<label>[B]$INFO[VideoPlayer.ChannelNumberlabel]$INFO[VideoPlayer.ChannelName,  ][/B]</label>
			</control>
            
            <control type="label">
                <left>250</left>
                <top>120</top>
                <width>750</width>
                <height>60</height>
                <font>font16</font>
    <!--             <align>right</align> -->
                <textcolor>$VAR[ThemeLabelColor]</textcolor>
                <label>$INFO[ListItem.StartDate]</label>
            </control>
            
            
            
            
            
            
            
			<control type="fixedlist" id="11">
				<top>200</top>
				<width>1250</width>
				<height>880</height>
				<onleft>Dialog.Close(pvrchannelguide)</onleft>
				<onright>60</onright>
				<onup>11</onup>
				<ondown>11</ondown>
				<viewtype label="535">list</viewtype>
				<pagecontrol>60</pagecontrol>
                <focusposition>4</focusposition>
                <movement>4</movement>
				<scrolltime tween="quadratic" easing="out">200</scrolltime>
				<itemlayout height="80">
					<control type="label">
						<left>10</left>
						<top>5</top>
						<width>700</width>
						<height>60</height>
						<font>font15</font>
                        <textcolor>grey</textcolor>
                        <label>$INFO[ListItem.StartTime]$INFO[ListItem.Label, - ]  [COLOR grey2][I]$VAR[PVRSeasonAndEpisodeVar][/I][/COLOR]</label>
						<animation effect="slide" start="0,0" end="40,0" time="0" tween="sine" easing="in" condition="[ListItem.HasTimer | ListItem.IsRecording]">Conditional</animation>
					</control>
					<control type="label">
						<top>20</top>
						<width>30</width>
						<height>30</height>
						<font>IconSmall</font>
						<textoffsetx>15</textoffsetx>
						<textcolor>$VAR[ThemeLabelColor]</textcolor>
						<align>right</align>
						<label></label>
						<visible>ListItem.HasTimer + !ListItem.IsRecording</visible>
					</control>
					<control type="image">
						<top>11</top>
						<width>50</width>
						<height>50</height>
						<texture>new_pvr/PVR-IsRecording.png</texture>
						<animation effect="fade" start="100" end="40" time="2000" pulse="true" condition="true">Conditional</animation>
						<visible>ListItem.IsRecording</visible>
					</control>
				</itemlayout>
				<focusedlayout height="160">
					<control type="image">
						<width>937</width>
						<height>160</height>
						<texture colordiffuse="$VAR[HighlightBarColor]" border="4">listselect_fo.png</texture>
						<visible>Control.HasFocus(11)</visible>
						<include>VisibleFadeAnimation</include>
					</control>
                    <control type="image">
                        <left>944</left>
                        <width>300</width>
                        <height>160</height>
                        <aspectratio>keep</aspectratio>
                        <texture>$INFO[ListItem.Icon]</texture><!-- Maybe ListItem.EPGEventIcon ???-->
                        <include>VisibleFadeAnimation</include>
                        <visible>Control.HasFocus(11)</visible>
                    </control>
					<control type="label">
						<left>10</left>
						<top>5</top>
						<width>700</width>
						<height>60</height>
						<font>font15</font>
                        <label>$INFO[ListItem.StartTime]$INFO[ListItem.Label, - ] [COLOR grey2][I]$VAR[PVRSeasonAndEpisodeVar][/I][/COLOR]</label>
						<animation effect="slide" end="45" time="0" condition="[ListItem.HasTimer | ListItem.IsRecording]">Conditional</animation>
					</control>
					<control type="label">
						<left>690</left>
						<top>5</top>
						<width>237</width>
						<height>60</height>
						<font>font15</font>
						<align>right</align>
						<!--<textcolor>white2</textcolor>-->
                        <label>$VAR[ItemDurationVar]</label>
					</control>
					<control type="textbox">
						<top>62</top>
						<left>15</left>
						<width>907</width>
						<height>83</height>
						<font>font14</font>
						<textcolor>grey</textcolor>
                        <shadowcolor>black</shadowcolor>
                        <label>[COLOR $VAR[ThemeLabelColor]][I]$VAR[PVREpisodenameOrPlotOutlineVar,,[CR]][/COLOR][/I]$INFO[ListItem.Plot]</label>
						<autoscroll time="3000" delay="4000" repeat="5000">true</autoscroll>
					</control>
					<control type="label">
						<top>20</top>
						<width>100</width>
						<height>30</height>
						<font>IconSmall</font>
						<textoffsetx>15</textoffsetx>
						<textcolor>$VAR[ThemeLabelColor]</textcolor>
						<label></label>
						<visible>ListItem.HasTimer + !ListItem.IsRecording</visible>
					</control>
					<control type="image">
						<top>11</top>
						<width>50</width>
						<height>50</height>
						<texture>new_pvr/PVR-IsRecording.png</texture>
						<animation effect="fade" start="100" end="40" time="2000" pulse="true" condition="true">Conditional</animation>
						<visible>ListItem.IsRecording</visible>
					</control>
				</focusedlayout>
			</control>
			<control type="scrollbar" id="60">
				<left>937</left>
				<top>215</top>
				<width>14</width>
				<height>840</height>
				<showonepage>false</showonepage>
				<texturesliderbackground />
				<texturesliderbar colordiffuse="55ffffff" border="1">scrollbar/texturesliderbar2.png</texturesliderbar>
				<texturesliderbarfocus border="1">scrollbar/texturesliderbar2.png</texturesliderbarfocus>
				<onleft>11</onleft>
				<onright>Dialog.Close(pvrchannelguide)</onright>
				<ondown>61</ondown>
				<onup>61</onup>
				<orientation>vertical</orientation>
			</control>
		</control>
	</controls>
</window>
