<?xml version="1.0" encoding="utf-8"?>
<window>
    <defaultcontrol always="true">100</defaultcontrol>
    <include>Animation_DialogPopupOpenClose</include>
    <controls>
        <control type="group">
            <visible>!Window.IsActive(1101) + !Window.IsActive(GameVideoFilter) + !Window.IsActive(GameViewMode) + !Window.IsActive(GameControllers) + !Window.IsActive(GameVideoRotation)</visible>
            
            <control type="group">
                <animation effect="slide" end="0,-120" time="300" tween="quadratic" condition="Window.IsVisible(selectdialog)">Conditional</animation>
                <animation effect="slide" start="0,-120" end="0,0" time="300" tween="quadratic">WindowOpen</animation>
                <animation effect="slide" end="0,-120" start="0,0" time="300" tween="quadratic">WindowClose</animation>
                <left>660</left>
                <top>620</top>
                <control type="image">
                    <height>400</height>
                    <width>700</width>
                    <texture colordiffuse="E6FFFFFF" border="1,1,1,40">topbar.png</texture>
                </control>
                <control type="list" id="100">
                    <!--<top>80</top>-->
                    <defaultcontrol always="true">101</defaultcontrol>
                    <height>320</height>
                    <orientation>vertical</orientation>
                    <itemlayout condition="!Control.IsVisible(200)" width="700" height="80">
                        <control type="image">
                            <left>8</left>
                            <top>8</top>
                            <width>64</width>
                            <height>64</height>
                            <info>ListItem.Icon</info>
                        </control>
                        <control type="label">
                            <left>80</left>
                            <width>600</width>
                            <height>80</height>
                            <info>ListItem.Label</info>
                            <font>font13</font>
                            <align>left</align>
                            <aligny>center</aligny>
                        </control>
                        <control type="label">
                            <right>20</right>
                            <width>600</width>
                            <height>80</height>
                            <info>ListItem.Label2</info>
                            <font>font13</font>
                            <align>right</align>
                            <aligny>center</aligny>
                            <textcolor>grey</textcolor>
                        </control>
                    </itemlayout>
                    <itemlayout width="688" height="80">
                        <control type="image">
                            <left>8</left>
                            <top>8</top>
                            <width>64</width>
                            <height>64</height>
                            <info>ListItem.Icon</info>
                        </control>
                        <control type="label">
                            <left>80</left>
                            <width>600</width>
                            <height>80</height>
                            <info>ListItem.Label</info>
                            <font>font13</font>
                            <align>left</align>
                            <aligny>center</aligny>
                        </control>
                        <control type="label">
                            <right>20</right>
                            <width>600</width>
                            <height>80</height>
                            <info>ListItem.Label2</info>
                            <font>font13</font>
                            <align>right</align>
                            <aligny>center</aligny>
                            <textcolor>grey</textcolor>
                        </control>
                    </itemlayout>
                    <focusedlayout width="700" height="80">
                        <control type="image">
                            <texture colordiffuse="$VAR[HighlightBarColor]">listselect_fo.png</texture>
                            <include>VisibleFadeAnimation</include>
                            <visible>Control.HasFocus(100)</visible>
                        </control>
                        <control type="image">
                            <left>8</left>
                            <top>8</top>
                            <width>64</width>
                            <height>64</height>
                            <info>ListItem.Icon</info>
                        </control>
                        <control type="label">
                            <left>80</left>
                            <width>600</width>
                            <height>80</height>
                            <info>ListItem.Label</info>
                            <font>font13</font>
                            <align>left</align>
                            <aligny>center</aligny>
                        </control>
                        <control type="label">
                            <right>20</right>
                            <width>600</width>
                            <height>80</height>
                            <info>ListItem.Label2</info>
                            <font>font13</font>
                            <align>right</align>
                            <aligny>center</aligny>
                            <textcolor>grey</textcolor>
                        </control>
                    </focusedlayout>
                    <focusedlayout width="688" height="80">
                        <control type="image">
                            <texture colordiffuse="$VAR[HighlightBarColor]">listselect_fo.png</texture>
                            <include>VisibleFadeAnimation</include>
                            <visible>Control.HasFocus(100)</visible>
                        </control>
                        <control type="image">
                            <left>8</left>
                            <top>8</top>
                            <width>64</width>
                            <height>64</height>
                            <info>ListItem.Icon</info>
                        </control>
                        <control type="label">
                            <left>80</left>
                            <width>600</width>
                            <height>80</height>
                            <info>ListItem.Label</info>
                            <font>font13</font>
                            <align>left</align>
                            <aligny>center</aligny>
                        </control>
                        <control type="label">
                            <right>20</right>
                            <width>600</width>
                            <height>80</height>
                            <info>ListItem.Label2</info>
                            <font>font13</font>
                            <align>right</align>
                            <aligny>center</aligny>
                            <textcolor>grey</textcolor>
                        </control>
                    </focusedlayout>
                    <content>
                        <item id="101">
                            <description>Pause / Resume button</description>
                            <label>$LOCALIZE[35224]</label>
                            <label2>Select + X</label2>
                            <icon>osd/buttons/OSDPlayFO.png</icon>
                            <onclick>Play</onclick>
                        </item>
                        <item id="102">
                            <description>Reset button</description>
                            <label>$LOCALIZE[13007]</label>
                            <icon>osd/buttons/OSDRepeatAllFO.png</icon>
                            <onclick>PlayerControl(Reset)</onclick>
                        </item>
                        <item id="103">
                            <description>Stop button</description>
                            <label>$LOCALIZE[35222]</label>
                            <label2>Select + Start</label2>
                            <icon>osd/buttons/OSDStopFO.png</icon>
                            <onclick>Stop</onclick>
                        </item>
                        <item id="108">
                            <description>Settings button</description>
                            <label>$LOCALIZE[5]</label>
                            <icon>osd/buttons/OSDSkinFO.png</icon>
                            <onclick>SetProperty(settingslist_content,games,home)</onclick>
                            <onclick>SetProperty(settingslist_header,$LOCALIZE[5],home)</onclick>
                            <onclick>ActivateWindow(1101)</onclick>
                        </item>
                    </content>
                    <pagecontrol>200</pagecontrol>
                </control>
                <control type="scrollbar" id="200">
                    <top>-10</top>
                    <right>0</right>
                    <width>12</width>
                    <orientation>vertical</orientation>
                </control>
            </control>
        </control>
    </controls>
</window>

