<?xml version="1.0" encoding="UTF-8"?>
<includes>
    <include name="GameDialogSelectFilterLayout">
        <control type="button">
            <description>background close area</description>
            <left>0</left>
            <top>0</top>
            <width>100%</width>
            <bottom>540</bottom>
            <texturefocus />
            <texturenofocus />
            <onclick>Action(close)</onclick>
        </control>
        <control type="group">
            <bottom>0</bottom>
            <height>540</height>
            <width>1000</width>
            <control type="image">
                <animation effect="slide" end="0,-120" time="300" tween="quadratic" condition="Window.IsVisible(selectdialog)">Conditional</animation>
                <animation effect="slide" start="0,-120" end="0,0" time="300" tween="quadratic">WindowOpen</animation>
                <animation effect="slide" end="0,-120" start="0,0" time="300" tween="quadratic">WindowClose</animation>
                <texture colordiffuse="E6FFFFFF">topbar.png</texture>
            </control>
            <control type="panel" id="11">
                <top>100</top>
                <scrolltime tween="sine">200</scrolltime>
                <orientation>horizontal</orientation>
                <itemlayout width="480" height="340">
                    <control type="group">
                        <left>18</left>
                        <right>18</right>
                        <top>5</top>
                        <control type="image">
                            <width>444</width>
                            <height>250</height>
                            <aspectratio>scale</aspectratio>
                            <texture border="4">DefaultVideo.png</texture>
                            <bordersize>4</bordersize>
                        </control>
                        <control type="gamewindow">
                            <width>444</width>
                            <height>250</height>
                            <videofilter>$INFO[ListItem.Property(game.videofilter)]</videofilter>
                            <viewmode>$INFO[ListItem.Property(game.viewmode)]</viewmode>
                            <rotation>$INFO[ListItem.Property(game.videorotation)]</rotation>
                        </control>
                        <control type="label">
                            <top>250</top>
                            <width>444</width>
                            <height>80</height>
                            <label>$INFO[ListItem.Label][CR][COLOR grey]$INFO[ListItem.Label2][/COLOR]</label>
                            <font>font16</font>
                            <shadowcolor>text_shadow</shadowcolor>
                            <align>center</align>
                        </control>
                    </control>
                </itemlayout>
                <focusedlayout width="480" height="340">
                    <control type="group">
                        <left>18</left>
                        <right>18</right>
                        <top>5</top>
                        <control type="image">
                            <width>444</width>
                            <height>250</height>
                            <aspectratio>scale</aspectratio>
                            <texture border="8">DefaultVideo.png</texture>
                            <bordertexture colordiffuse="$VAR[ThemeLabelColor]">listselect_fo.png</bordertexture>
                            <bordersize>8</bordersize>
                        </control>
                        <control type="gamewindow">
                            <width>444</width>
                            <height>250</height>
                            <videofilter>$INFO[ListItem.Property(game.videofilter)]</videofilter>
                            <viewmode>$INFO[ListItem.Property(game.viewmode)]</viewmode>
                            <rotation>$INFO[ListItem.Property(game.videorotation)]</rotation>
                        </control>
                        <control type="label">
                            <top>250</top>
                            <width>444</width>
                            <height>80</height>
                            <label>$INFO[ListItem.Label][CR][COLOR grey]$INFO[ListItem.Label2][/COLOR]</label>
                            <font>font16</font>
                            <shadowcolor>text_shadow</shadowcolor>
                            <align>center</align>
                        </control>
                        <control type="image">
                            <width>444</width>
                            <height>250</height>
                            <texture colordiffuse="$VAR[ThemeLabelColor]">listselect_fo.png</texture>
                            <visible>Control.HasFocus(11)</visible>
                        </control>
                    </control>
                </focusedlayout>
            </control>
            <control type="textbox" id="12">
                <description>Description Area</description>
                <top>450</top>
                <left>100</left>
                <right>100</right>
                <height>200</height>
                <font>font16</font>
                <align>justify</align>
                <shadowcolor>text_shadow</shadowcolor>
                <autoscroll time="3000" delay="5000" repeat="5000">true</autoscroll>
            </control>
        </control>
    </include>
    <include name="GameDialogSelectViewLayout">
        <control type="button">
            <description>background close area</description>
            <width>800</width>
            <bottom>410</bottom>
            <texturefocus />
            <texturenofocus />
            <onclick>Action(close)</onclick>
        </control>
        <control type="group">
            <animation effect="slide" end="0,-120" time="300" tween="quadratic" condition="Window.IsVisible(selectdialog)">Conditional</animation>
            <animation effect="slide" start="0,-120" end="0,0" time="300" tween="quadratic">WindowOpen</animation>
            <animation effect="slide" end="0,-120" start="0,0" time="300" tween="quadratic">WindowClose</animation>
            <height>610</height>
            <width>1030</width>
            <control type="list" id="11">
                <top>100</top>
                <left>100</left>
                <scrolltime tween="sine">200</scrolltime>
                <itemlayout width="480" height="80">
                    <control type="label">
                        <left>18</left>
                        <width>444</width>
                        <height>80</height>
                        <label>$INFO[ListItem.Label][CR]$INFO[ListItem.Label2]</label>
                        <font>font16</font>
                        <shadowcolor>text_shadow</shadowcolor>
                        <align>left</align>
                    </control>
                </itemlayout>
                <focusedlayout width="480" height="80">
                    <control type="group">
                        <control type="image">
                            <width>444</width>
                            <height>80</height>
                            <aspectratio>scale</aspectratio>
                            <texture colordiffuse="$VAR[ThemeLabelColor]">listselect_fo.png</texture>
                        </control>
                        <control type="label">
                            <left>18</left>
                            <width>444</width>
                            <height>80</height>
                            <label>$INFO[ListItem.Label][CR]$INFO[ListItem.Label2]</label>
                            <font>font16</font>
                            <shadowcolor>text_shadow</shadowcolor>
                            <align>left</align>
                        </control>
                    </control>
                </focusedlayout>
            </control>
            <control type="gamewindow">
                <left>980</left>
                <top>124</top>
                <width>500</width>
                <height>281</height>
                <videofilter>$INFO[Container(11).ListItem.Property(game.videofilter)]</videofilter>
                <viewmode>$INFO[Container(11).ListItem.Property(game.viewmode)]</viewmode>
                <rotation>$INFO[Container(11).ListItem.Property(game.videorotation)]</rotation>
                <aspectratio aligny="top">keep</aspectratio>
            </control>
        </control>
    </include>
</includes>

