<?xml version="1.0" encoding="UTF-8"?>
<window>
	<onload condition="Control.IsVisible(50)">SetFocus(50)</onload>
	<onload condition="Control.IsVisible(51)">SetFocus(51)</onload>
	<onload condition="Control.IsVisible(52)">SetFocus(52)</onload>
	<onload>SetProperty(Window.HasSettings,True,Home)</onload>
	<onload>ClearProperty(MediaMenu,Home)</onload>
	<onunload>ClearProperty(MediaMenu,Home)</onunload>
	<onunload>ClearProperty(Window.HasSettings,Home)</onunload>
	<views>50,51,52</views>
	<menucontrol>9051</menucontrol>
	<controls>
		<include>CommonBackground</include>
		<!-- Default Channel List - 7 entries -->
		<control type="group">
			<top>128</top>
			<include>VisibleFadeAnimation</include>
			<include>WindowOpenCloseAnimation</include>
			<visible>Control.IsVisible(50)</visible>
			<control type="image">
				<left>50</left>
				<top>874</top>
				<width>885</width>
				<height>904</height>
				<texture border="40">panel_reflect.png</texture>
			</control>
			<control type="image">
				<left>50</left>
				<width>885</width>
				<height>904</height>
				<texture border="40">listpanel_back.png</texture>
			</control>
			<control type="fixedlist" id="50">
                <focusposition>3</focusposition>
                <movement>3</movement>
				<left>82</left>
				<top>32</top>
				<width>821</width>
				<height>840</height>
				<onleft>SetProperty(MediaMenu,True,Home)</onleft>
				<onleft>SetFocus(9050)</onleft>
				<onright condition="!Control.IsVisible(60) + !Control.IsVisible(61)">SetProperty(MediaMenu,True,Home)</onright>
				<onright condition="!Control.IsVisible(60) + !Control.IsVisible(61)">SetFocus(9050)</onright>
				<onright condition="Control.IsVisible(60)">60</onright>
				<onright condition="!Control.IsVisible(60) + Control.IsVisible(61)">61</onright>
				<onup>50</onup>
				<ondown>50</ondown>
				<viewtype label="535">list</viewtype>
				<pagecontrol>60</pagecontrol>
				<scrolltime tween="quadratic" easing="out">200</scrolltime>
				<itemlayout height="120" width="821">
					<control type="label">
						<width>150</width>
						<height>85</height>
						<font>font60caps_title</font>
						<textcolor>grey2</textcolor>
						<align>center</align>
						<label>[B]$INFO[ListItem.ChannelNumberLabel][/B]</label>
					</control>
					<control type="label">
						<left>160</left>
						<width>530</width>
						<height>70</height>
						<font>font30</font>
						<textcolor>grey2</textcolor>
						<label>$INFO[ListItem.Label]</label>
					</control>
					<control type="label">
						<left>160</left>
						<top>55</top>
						<width>530</width>
						<height>60</height>
						<font>font15</font>
						<textcolor>grey3</textcolor>
						<selectedcolor>grey3</selectedcolor>
                        <label>$INFO[ListItem.Title]   [COLOR grey][I]$VAR[PVRSeasonAndEpisodeVar][/I][/COLOR]</label>
					</control>
					<control type="progress">
						<left>10</left>
						<top>83</top>
						<width>120</width>
						<height>15</height>
						<visible>ListItem.HasEpg</visible>
						<info>ListItem.Progress</info>
                        <texturebg colordiffuse="$VAR[ThemeLabelColor]" border="3,0,3,0">new_pvr/texturebg_border_white.png</texturebg>
                        <midtexture colordiffuse="$VAR[ThemeLabelColor]" border="0">new_pvr/texturebg_white.png</midtexture>
					</control>
					<control type="image">
						<left>700</left>
						<top>8</top>
						<width>105</width>
						<height>105</height>
						<aspectratio>keep</aspectratio>
						<texture background="true">$INFO[ListItem.Icon]</texture>
						<animation effect="slide" start="0" end="-30" time="0" tween="sine" easing="in" condition="[ListItem.HasTimer | ListItem.IsRecording]">Conditional</animation>
					</control>
					<control type="group">
						<left>730</left>
						<top>45</top>
						<width>100</width>
						<height>30</height>
						<control type="label">
							<font>IconSmall</font>
							<textoffsetx>15</textoffsetx>
							<align>right</align>
							<textcolor>$VAR[ThemeLabelColor]</textcolor>
							<label></label>
							<visible>ListItem.HasTimer + !ListItem.IsRecording</visible>
						</control>
						<control type="image">
							<left>45</left>
							<top>-10</top>
							<width>50</width>
							<height>50</height>
							<texture>new_pvr/PVR-IsRecording.png</texture>
							<animation effect="fade" start="100" end="40" time="2000" pulse="true" condition="true">Conditional</animation>
							<visible>ListItem.IsRecording</visible>
						</control>
					</control>
				</itemlayout>
				<focusedlayout height="120" width="821">
					<control type="image">
						<width>821</width>
						<height>120</height>
						<texture colordiffuse="$VAR[HighlightBarColor]" border="4">listselect_fo.png</texture>
						<visible>Control.HasFocus(50)</visible>
						<include>VisibleFadeAnimation</include>
					</control>
					<control type="label">
						<width>150</width>
						<height>85</height>
						<font>font60caps_title</font>
						<align>center</align>
						<label>[B]$INFO[ListItem.ChannelNumberLabel][/B]</label>
					</control>
					<control type="label">
						<left>160</left>
						<width>530</width>
						<height>70</height>
						<font>font30</font>
						<selectedcolor>white</selectedcolor>
						<label>$INFO[ListItem.Label]</label>
						<animation effect="fade" start="100" end="70" time="300" tween="sine" easing="inout" condition="!Control.HasFocus(50)">Conditional</animation>
					</control>
					<control type="label">
						<left>160</left>
						<top>55</top>
						<width>530</width>
						<height>60</height>
						<font>font15</font>
						<selectedcolor>white</selectedcolor>
                        <label>$INFO[ListItem.Title]   [COLOR grey][I]$VAR[PVRSeasonAndEpisodeVar][/I][/COLOR]</label>
						<animation effect="fade" start="100" end="30" time="300" tween="sine" easing="inout" condition="!Control.HasFocus(50)">Conditional</animation>
					</control>
                    <control type="progress">
                        <left>10</left>
                        <top>83</top>
                        <width>120</width>
                        <height>15</height>
                        <visible>ListItem.HasEpg</visible>
                        <info>ListItem.Progress</info>
                        <texturebg colordiffuse="$VAR[ThemeLabelColor]" border="3,0,3,0">new_pvr/texturebg_border_white.png</texturebg>
                        <midtexture colordiffuse="$VAR[ThemeLabelColor]" border="0">new_pvr/texturebg_white.png</midtexture>
                    </control>
					<control type="image">
						<left>700</left>
						<top>8</top>
						<width>105</width>
						<height>105</height>
						<aspectratio>keep</aspectratio>
						<texture background="true">$INFO[ListItem.Icon]</texture>
						<animation effect="slide" start="0" end="-30" time="0" tween="sine" easing="in" condition="[ListItem.HasTimer | ListItem.IsRecording]">Conditional</animation>
					</control>
					<control type="group">
						<left>730</left>
						<top>45</top>
						<width>100</width>
						<height>30</height>
						<control type="label">
							<font>IconSmall</font>
							<textoffsetx>15</textoffsetx>
							<align>right</align>
							<textcolor>$VAR[ThemeLabelColor]</textcolor>
							<label></label>
							<visible>ListItem.HasTimer + !ListItem.IsRecording</visible>
						</control>
						<control type="image">
							<left>45</left>
							<top>-10</top>
							<width>50</width>
							<height>50</height>
							<texture>new_pvr/PVR-IsRecording.png</texture>
							<animation effect="fade" start="100" end="40" time="2000" pulse="true" condition="true">Conditional</animation>
							<visible>ListItem.IsRecording</visible>
						</control>
					</control>
				</focusedlayout>
			</control>
			<control type="scrollbar" id="60">
				<left>903</left>
				<top>32</top>
				<width>14</width>
				<height>840</height>
				<onleft>50</onleft>
				<onright condition="!Control.IsVisible(61)">SetProperty(MediaMenu,True,Home)</onright>
				<onright condition="!Control.IsVisible(61)">SetFocus(9050)</onright>
				<onright condition="Control.IsVisible(61)">61</onright>
				<ondown>60</ondown>
				<onup>60</onup>
				<showonepage>false</showonepage>
				<texturesliderbackground />
				<texturesliderbar colordiffuse="80FFFFFF" border="1">scrollbar/texturesliderbar2.png</texturesliderbar>
				<texturesliderbarfocus border="1">scrollbar/texturesliderbar2.png</texturesliderbarfocus>
			</control>
			<control type="group">
				<description>Small Media Window</description>
				<left>985</left>
				<control type="image">
					<top>874</top>
					<width>885</width>
					<height>904</height>
					<texture border="40">panel_reflect.png</texture>
				</control>
				<control type="image">
					<width>885</width>
					<height>904</height>
					<texture border="40">listpanel_back.png</texture>
				</control>
				<control type="image">
					<left>32</left>
					<top>32</top>
					<width>821</width>
					<height>461</height>
					<texture fallback="special://skin/backgrounds/fallback_movies.jpg">$INFO[Skin.String(Home_Custom_Back_TV_Folder)]</texture>
					<include>VisibleFadeAnimation</include>
					<visible>!Player.HasVideo</visible>
				</control>
                
                <!-- ########################################################## -->
                <!-- ########################################################## -->
                <!-- ########################################################## -->
                <!-- new: LiveTV Mod -->
                <!-- TV Thumb instead of Tv channel logo on right side - Big List -->
                <control type="image">
                    <left>32</left>
                    <top>32</top>
                    <width>821</width>
                    <height>461</height>
                    <texture>$INFO[ListItem.Icon]</texture>
                    <aspectratio scalediffuse="false" align="center" aligny="center">keep</aspectratio>
                    <visible>!String.IsEqual(ListItem.Icon,DefaultVideo.png) + String.IsEmpty(Window(home).Property(SkinHelper.ListItem.Art.Landscape)) + !Player.HasVideo</visible>
                    <animation effect="fade" start="100" end="40" time="200" condition="Control.IsVisible(56)">Conditional</animation>
                </control>
                <control type="image">
                    <left>32</left>
                    <top>32</top>
                    <width>821</width>
                    <height>461</height>
                    <texture>$INFO[Window(home).Property(SkinHelper.ListItem.Art.Landscape)]</texture>
                    <aspectratio scalediffuse="false" align="center" aligny="top">keep</aspectratio>
                    <visible>!String.IsEmpty(Window(home).Property(SkinHelper.ListItem.Art.Landscape)) + !Player.HasVideo</visible>
                </control>
                <!-- ########################################################## -->
                <!-- ########################################################## -->
                <!-- ########################################################## -->
                
                
                
                
                <!-- ########################################################## -->
                <!-- ########################################################## -->
                <!-- ########################################################## -->
                <!-- new: LiveTV Mod -->

                
                <!-- Added for LiveTV Mod -->
                <!-- Video Window -->
                <control type="group">
                    <description>Playing item info</description>
                    <left>32</left>
                    <top>32</top>
                    <visible>Player.HasVideo</visible>
                    <control type="image">
                        <width>822</width>
                        <height>461</height>
                        <texture>black.png</texture>
                        <include>VisibleFadeAnimation</include>
                    </control>
                    <control type="videowindow">
                        <width>822</width>
                        <height>461</height>
                    </control>
                    <control type="image">
                        <width>822</width>
                        <height>50</height>
                        <texture>back.png</texture>
                        <animation effect="fade" end="70" time="200" condition="true">Conditional</animation>
                    </control>
                    <control type="image">
                        <top>411</top>
                        <width>822</width>
                        <height>50</height>
                        <texture>back.png</texture>
                        <animation effect="fade" end="70" time="200" condition="true">Conditional</animation>
                        <visible>!String.IsEmpty(VideoPlayer.Episodename) | !String.IsEmpty(VideoPlayer.PlotOutline)</visible>
                    </control>
                    <control type="image">
                        <left>592</left>
                        <top>246</top>
                        <width>220</width>
                        <height>165</height>
                        <aspectratio scalediffuse="false" align="left" aligny="bottom">keep</aspectratio>
                        <texture>$INFO[Window(home).Property(SkinHelper.Player.Art.Clearlogo)]</texture>
                    </control>
                    <control type="group">
                        <top>10</top>
                        <control type="label">
                            <left>20</left>
                            <top>-7</top>
                            <width>800</width>
                            <height>40</height>
                            <label>[I][B]$INFO[VideoPlayer.Title,$LOCALIZE[31040]:  ][/B][/I]</label>
                            <font>font11</font>
                            <scroll>true</scroll>
                        </control>
                        <control type="label">
                            <left>20</left>
                            <top>406</top>
                            <width>800</width>
                            <height>40</height>
                            <label>[I]$VAR[PVRNowPlayingSeasonAndEpisodeOrPlotOutlineVar][/I]</label>
                            <font>font11</font>
                            <scroll>true</scroll>
                            <visible>!String.IsEmpty(VideoPlayer.Episodename) | !String.IsEmpty(VideoPlayer.PlotOutline)</visible>
                        </control>
                        <control type="image">
                            <left>750</left>
                            <top>-12</top>
                            <width>62</width>
                            <height>47</height>
                            <aspectratio>keep</aspectratio>
                            <texture>$INFO[VideoPlayer.Cover]</texture>
                        </control>
                    </control>
                </control>
			</control>
            <control type="group">
                <left>1017</left>
                <top>494</top>
                <control type="label">
                    <top>10</top>
                    <width>821</width>
                    <height>30</height>
                    <font>font15_bold</font>
                    <align>center</align>
                    <textcolor>grey2</textcolor>
                    <textoffsetx>15</textoffsetx>
                    <visible>Container(50).ListItem.HasEpg</visible>
                    <label>[COLOR $VAR[ThemeLabelColor]]$INFO[Container(50).ListItem.Title][/COLOR]</label>
                </control>
                <control type="label">
                    <left>10</left>
                    <top>50</top>
                    <width>130</width>
                    <height>30</height>
                    <align>center</align>
                    <label>$INFO[Container(50).ListItem.StartTime]</label>
                    <font>font14</font>
                    <textcolor>D0FFFFFF</textcolor>
                    <visible>Container(50).ListItem.HasEpg</visible>
                </control>
                <control type="progress">
                    <left>145</left>
                    <top>57</top>
                    <width>475</width>
                    <height>20</height>
                    <midtexture colordiffuse="$VAR[ThemeLabelColor]" border="0">new_pvr/texturebg_white.png</midtexture>
                    <texturebg colordiffuse="$VAR[ThemeLabelColor]" border="3,0,3,0">new_pvr/texturebg_border_white.png</texturebg>
                    <lefttexture />
                    <righttexture />
                    <visible>Container(50).ListItem.HasEpg</visible>
                    <info>Container(50).ListItem.Progress</info>
                </control>
                <control type="label">
                    <left>630</left>
                    <top>50</top>
                    <width>130</width>
                    <height>30</height>
                    <align>center</align>
                    <label>$INFO[Container(50).ListItem.EndTime]</label>
                    <font>font14</font>
                    <textcolor>d0FFFFFF</textcolor>
                    <visible>Container(50).ListItem.HasEpg</visible>
                </control>
                <control type="label">
                    <left>15</left>
                    <top>94</top>
                    <width>791</width>
                    <height>27</height>
                    <label>[COLOR $VAR[ThemeLabelColor]]$VAR[PVRSeasonAndEpisodeVar,, - ]$VAR[PVREpisodenameOrPlotOutlineVar][/COLOR]</label>
                    <font>font14</font>
                    <align>center</align>
                </control>
                <control type="textbox" id="70">
                    <label>$INFO[Container(50).ListItem.Plot]</label>
                    <left>15</left>
                    <top>134</top> <!--was 134-->
                    <width>791</width>
                    <height>204</height>
                    <pagecontrol>61</pagecontrol>
                    <include>DefaultButtonsValues</include>
                    <autoscroll time="3000" delay="4000" repeat="5000">Skin.HasSetting(Enable.AutoScroll) + !Control.HasFocus(61)</autoscroll>
                </control>
                <control type="label">
                    <top>350</top>
                    <width>821</width>
                    <height>30</height>
                    <font>font15</font>
                    <textcolor>$VAR[ThemeLabelColor]</textcolor>
                    <textoffsetx>15</textoffsetx>
                    <visible>!String.IsEmpty(Container(50).ListItem.NextTitle)</visible>
                    <label>$INFO[Container(50).ListItem.NextTitle,$LOCALIZE[19031]: [COLOR grey2],[/COLOR]]</label>
                </control>
                <control type="scrollbar" id="61">
                    <left>820</left>
                    <top>105</top>
                    <width>14</width>
                    <height>272</height>
                    <onup>PageUp(70)</onup>
                    <ondown>PageUp(70)</ondown>
                    <onleft>50</onleft>
                    <onright>SetProperty(MediaMenu,True,Home)</onright>
                    <onright>SetFocus(9050)</onright>
                    <texturesliderbackground />
                    <texturesliderbar colordiffuse="55ffffff" border="1">scrollbar/texturesliderbar2.png</texturesliderbar>
                    <texturesliderbarfocus border="1">scrollbar/texturesliderbar2.png</texturesliderbarfocus>
                    <showonepage>false</showonepage>
                    <orientation>vertical</orientation>
                </control>
            </control>
            <!-- ########################################################## -->
            <!-- ########################################################## -->
            <!-- ########################################################## -->
		</control>
		<!-- Channel Wall -->
		<control type="group">
			<left>50</left>
			<top>55</top>
			<visible>Control.IsVisible(51)</visible>
			<include>VisibleFadeAnimation</include>
			<control type="image">
				<width>1840</width>
				<height>1012</height>
				<texture border="40">listpanel_back.png</texture>
			</control>
            <control type="panel" id="51">
                <left>30</left>
                <top>30</top>
                <width>1800</width>
                <height>720</height>
                <onleft>SetProperty(MediaMenu,True,Home)</onleft>
                <onleft>SetFocus(9050)</onleft>
                <onright>62</onright>
                <onup>51</onup>
                <ondown>51</ondown>
                <pagecontrol>62</pagecontrol>
                <preloaditems>2</preloaditems>
                <viewtype label="$LOCALIZE[31245]">icon</viewtype>
                <scrolltime tween="quadratic" easing="out">300</scrolltime>
                <itemlayout height="180" width="445">
                    <control type="image">
                        <width>440</width>
                        <height>175</height>
                        <aspectratio>stretch</aspectratio>
                        <texture colordiffuse="33FFFFFF" border="4" background="true">new_pvr/grey_bg.png</texture>
                    </control>
                    <control type="label">
                        <left>14</left>
                        <top>5</top>
                        <width>320</width>
                        <height>48</height>
                        <font>font13b</font>
                        <textcolor>grey</textcolor>
                        <label>[B]$INFO[ListItem.ChannelNumberLabel]$INFO[ListItem.Label,  ][/B]</label>
                    </control>
                    <control type="image">
                        <left>401</left>
                        <top>17</top>
                        <width>40</width>
                        <height>40</height>
                        <texture>new_pvr/PVR-IsRecording.png</texture>
                        <animation effect="fade" start="100" end="40" time="2000" pulse="true" condition="true">Conditional</animation>
                        <visible>ListItem.IsRecording</visible>
                    </control>
                    <control type="image">
                        <left>335</left>
                        <top>5</top>
                        <width>90</width>
                        <height>59</height>
                        <aspectratio align="right">keep</aspectratio>
                        <texture colordiffuse="BAFFFFFF">$INFO[ListItem.Icon]</texture>
                        <animation effect="slide" start="0" end="-20" time="0" tween="sine" easing="in" condition="[ListItem.HasTimer | ListItem.IsRecording]">Conditional</animation>
                    </control>
                    <control type="group">
                        <left>15</left>
                        <top>55</top>
                        <width>440</width>
                        <height>165</height>
                        <visible>ListItem.HasEpg</visible>
                        <control type="group">
                            <visible>!String.IsEmpty(ListItem.Episodename) | !String.IsEmpty(ListItem.PlotOutline)</visible>
                            <control type="label">
                                <width>400</width>
                                <height>30</height>
                                <font>font12b</font>
                                <textcolor>grey2</textcolor>
                                <label>[B]$INFO[ListItem.Title][/B]</label>
                            </control>
                            <control type="label">
                                <top>38</top>
                                <width>400</width>
                                <height>20</height>
                                <font>font11</font>
                                <textcolor>grey2</textcolor>
                                <label>[I]$VAR[PVRSeasonAndEpisodeVar,, - ]$VAR[PVREpisodenameOrPlotOutlineVar][/I]</label>
                            </control>
                        </control>
                        <control type="label">
                            <top>30</top>
                            <width>400</width>
                            <height>30</height>
                            <font>font12b</font>
                            <textcolor>grey2</textcolor>
                            <label>[B]$INFO[ListItem.Title][/B]</label>
                            <visible>String.IsEmpty(ListItem.Episodename) + String.IsEmpty(ListItem.PlotOutline)</visible>
                        </control>
						<control type="progress">
							<top>68</top>
							<width>408</width>
							<height>6</height>
							<info>ListItem.Progress</info>
							<texturebg border="2">osd/texturebg2.png</texturebg>
							<midtexture colordiffuse="$VAR[ThemeLabelColor]" border="2">osd/midtexture.png</midtexture>
							<visible>!String.IsEmpty(ListItem.Title)</visible>
						</control>
						<control type="label">
							<top>78</top>
							<width>400</width>
							<height>30</height>
							<font>font12</font>
							<textcolor>grey3</textcolor>
							<selectedcolor>grey2</selectedcolor>
							<label>$INFO[ListItem.NextTitle,$LOCALIZE[19031]:  ]</label>
						</control>
					</control>
				</itemlayout>
				<focusedlayout height="180" width="445">
					<control type="group">
						<animation type="Focus">
							<effect type="fade" start="80" end="100" time="200" tween="sine" easing="in" />
						</animation>
						<control type="image">
							<left>-13</left>
							<top>-8</top>
							<width>465</width>
							<height>192</height>
							<aspectratio>stretch</aspectratio>
							<texture colordiffuse="$VAR[ThemeLabelColor]" border="4" background="true">new_pvr/overlay/OverlayDialogBackground.png</texture>
						</control>
						<control type="image">
							<width>440</width>
							<height>175</height>
							<aspectratio>stretch</aspectratio>
							<texture colordiffuse="70FFFFFF" border="4" background="true">new_pvr/grey_bg.png</texture>
						</control>
						<control type="image">
							<left>335</left>
							<top>5</top>
							<width>90</width>
							<height>59</height>
							<aspectratio align="right">keep</aspectratio>
							<texture background="true" fallback="new_pvr/blank.png">$INFO[ListItem.Icon]</texture>
							<animation effect="slide" start="0" end="-20" time="0" tween="sine" easing="in" condition="[ListItem.HasTimer | ListItem.IsRecording]">Conditional</animation>
						</control>
						<control type="label">
							<left>14</left>
							<top>5</top>
							<width>320</width>
							<height>48</height>
							<font>font13b</font>
							<label>[B]$INFO[ListItem.ChannelNumberLabel]$INFO[ListItem.Label,  ][/B]</label>
						</control>
						<control type="image">
							<left>401</left>
							<top>17</top>
							<width>40</width>
							<height>40</height>
							<texture>new_pvr/PVR-IsRecording.png</texture>
							<animation effect="fade" start="100" end="40" time="2000" pulse="true" condition="true">Conditional</animation>
							<visible>ListItem.IsRecording</visible>
						</control>
						<control type="group">
							<left>15</left>
							<top>55</top>
							<width>440</width>
							<height>165</height>
							<visible>ListItem.HasEpg</visible>
                            <control type="group">
                                <visible>!String.IsEmpty(ListItem.Episodename) | !String.IsEmpty(ListItem.PlotOutline)</visible>
                                <control type="label">
                                    <width>400</width>
                                    <height>30</height>
                                    <font>font12b</font>
                                    <textcolor>$VAR[ThemeLabelColor]</textcolor>
                                    <label>[B]$INFO[ListItem.Title][/B]</label>
                                </control>
                                <control type="label">
                                    <top>38</top>
                                    <width>400</width>
                                    <height>20</height>
                                    <font>font11</font>
                                    <textcolor>$VAR[ThemeLabelColor]</textcolor>
                                    <label>[I]$VAR[PVRSeasonAndEpisodeVar,, - ]$VAR[PVREpisodenameOrPlotOutlineVar][/I]</label>
                                </control>
                            </control>
                            <control type="label">
                                <top>30</top>
                                <width>400</width>
                                <height>30</height>
                                <font>font12b</font>
                                <textcolor>$VAR[ThemeLabelColor]</textcolor>
                                <label>[B]$INFO[ListItem.Title][/B]</label>
                                <visible>String.IsEmpty(ListItem.Episodename) + String.IsEmpty(ListItem.PlotOutline)</visible>
                            </control>
							<control type="progress">
								<top>68</top>
								<width>408</width>
								<height>6</height>
								<info>ListItem.Progress</info>
								<texturebg border="2">osd/texturebg2.png</texturebg>
								<midtexture colordiffuse="$VAR[ThemeLabelColor]" border="2">osd/midtexture2.png</midtexture>
								<visible>!String.IsEmpty(ListItem.Title)</visible>
							</control>
							<control type="label">
								<top>78</top>
								<width>400</width>
								<height>30</height>
								<font>font12</font>
								<textcolor>grey</textcolor>
								<label>$INFO[ListItem.NextTitle,$LOCALIZE[19031]:  ]</label>
							</control>
						</control>
					</control>
				</focusedlayout>
			</control>
			<control type="scrollbar" id="62">
				<left>1810</left>
				<top>30</top>
				<width>14</width>
				<height>900</height>
				<onleft>51</onleft>
				<onleft>51</onleft>
				<ondown>62</ondown>
				<onup>62</onup>
				<showonepage>false</showonepage>
				<texturesliderbackground />
				<texturesliderbar colordiffuse="80FFFFFF" border="1">scrollbar/texturesliderbar2.png</texturesliderbar>
				<texturesliderbarfocus border="1">scrollbar/texturesliderbar2.png</texturesliderbarfocus>
				<animation effect="fade" start="100" end="0" time="500" delay="500" condition="!Control.HasFocus(62) + !Container.Scrolling">Conditional</animation>
			</control>
			<!-- Bottom info-panel -->
			<control type="group">
				<left>30</left>
				<top>750</top>
				<control type="image">
					<left>-1</left>
					<width>1780</width>
					<height>230</height>
					<texture colordiffuse="60FFFFFF" border="5">dialogs/default/inner.png</texture>
				</control>
				<!-- Videopreview and logo -->
                <control type="group">
                    <visible>!Player.HasVideo</visible>
                    <top>12</top>
                    <control type="image">
                        <left>72</left>
                        <width>300</width>
                        <height>200</height>
                        <aspectratio>keep</aspectratio>
                        <fadetime>400</fadetime>
                        <texture>$INFO[ListItem.Icon]</texture>
                    </control>
                    <control type="image">
                        <left>22</left>
                        <width>400</width>
                        <height>200</height>
                        <texture>$INFO[Window(home).Property(SkinHelper.ListItem.Art.Landscape)]</texture>
                        <aspectratio scalediffuse="false" align="center" aligny="top">keep</aspectratio>
                        <visible>!String.IsEmpty(Window(home).Property(SkinHelper.ListItem.Art.Landscape))</visible>
                    </control>
                </control>
                <control type="group">
                    <visible>Player.HasVideo</visible>
                    <top>2</top>
                    <left>10</left>
                    <control type="image">
                        <top>-3</top>
                        <width>415</width>
                        <height>225</height>
                        <texture>black.png</texture>
                    </control>
                    <control type="videowindow">
                        <width>415</width>
                        <height>225</height>
                    </control>
                    <!-- Playing item info -->
                    <control type="group">
                        <description>Playing item info</description>
                        <control type="image">
                            <width>415</width>
                            <height>50</height>
                            <texture>back.png</texture>
                            <animation effect="fade" end="70" time="200" condition="true">Conditional</animation>
                        </control>
                        <control type="image">
                            <top>175</top>
                            <width>415</width>
                            <height>50</height>
                            <texture>back.png</texture>
                            <animation effect="fade" end="70" time="200" condition="true">Conditional</animation>
                            <visible>!String.IsEmpty(VideoPlayer.Episodename) | !String.IsEmpty(VideoPlayer.PlotOutline)</visible>
                        </control>
                        
                        <control type="image">
                            <left>295</left>
                            <top>78</top>
                            <width>110</width>
                            <height>87</height>
                            <aspectratio scalediffuse="false" align="left" aligny="bottom">keep</aspectratio>
                            <texture>$INFO[Window(home).Property(SkinHelper.Player.Art.Clearlogo)]</texture>
                        </control>
                        
                        
                        <control type="group">
                            <top>10</top>
                            <control type="label">
                                <left>20</left>
                                <top>-2</top>
                                <width>375</width>
                                <height>40</height>
                                <label>[I][B]$INFO[VideoPlayer.Title][/B][/I]</label>
                                <font>font11</font>
                                <scroll>true</scroll>
                            </control>
                            <control type="label">
                                <left>20</left>
                                <top>173</top>
                                <width>375</width>
                                <height>40</height>
                                <label>[I]$VAR[PVRNowPlayingSeasonAndEpisodeOrPlotOutlineVar][/I]</label>
                                <font>font11</font>
                                <scroll>true</scroll>
                                <visible>!String.IsEmpty(VideoPlayer.Episodename) | !String.IsEmpty(VideoPlayer.PlotOutline)</visible>
                            </control>
                            <control type="image">
                                <left>355</left>
                                <top>-7</top>
                                <width>62</width>
                                <height>47</height>
                                <aspectratio>keep</aspectratio>
                                <texture>$INFO[VideoPlayer.Cover]</texture>
                            </control>
                        </control>
                    </control>
                </control>
                <!-- Description and fanart -->
                <control type="group">
                    <left>430</left>
                    <control type="label">
                        <top>15</top>
                        <width>850</width>
                        <height>30</height>
                        <font>font14</font>
                        <textcolor>$VAR[ThemeHomeLabelColor]</textcolor>
                        <textoffsetx>15</textoffsetx>
                        <label>[B]$INFO[Container(51).ListItem.StartTime]$INFO[Container(51).ListItem.EndTime, - ,: ][COLOR white]$INFO[Container(51).ListItem.Title][/COLOR][/B]</label>
                    </control>
                    <control type="label">
                        <textcolor>$VAR[ThemeHomeLabelColor]</textcolor>
                        <textoffsetx>15</textoffsetx>
                        <left>850</left>
                        <top>15</top>
                        <width>486</width>
                        <height>30</height>
                        <font>font14_textbox2</font>
                        <align>right</align>
                        <label>$INFO[Container(51).ListItem.Genre,   $LOCALIZE[515]: [COLOR grey],[/COLOR]]</label>
                    </control>
                    <control type="textbox" id="71">
                        <left>15</left>
                        <top>50</top>
                        <width>1320</width>
                        <height>180</height>
                        <font>font14_textbox2</font>
                        <pagecontrol>63</pagecontrol>
                        <autoscroll time="3000" delay="4000" repeat="5000">Skin.HasSetting(Enable.AutoScroll) + !Control.HasFocus(63)</autoscroll>
                        <label>[B][COLOR grey2][I]$VAR[PVRSeasonAndEpisodeVar,, - ]$VAR[PVREpisodenameOrPlotOutlineVar][/COLOR][/B][/I][CR]$INFO[Container(51).ListItem.Plot]</label>
                    </control>
					<control type="scrollbar" id="63">
						<left>1328</left>
						<top>124</top>
						<width>14</width>
						<height>110</height>
						<onup>PageUp(71)</onup>
						<ondown>PageUp(71)</ondown>
						<onleft>10</onleft>
						<onright>10</onright>
						<texturesliderbackground />
						<texturesliderbar colordiffuse="80FFFFFF" border="1">scrollbar/texturesliderbar2.png</texturesliderbar>
						<texturesliderbarfocus border="1">scrollbar/texturesliderbar2.png</texturesliderbarfocus>
						<showonepage>false</showonepage>
						<orientation>vertical</orientation>
					</control>
				</control>
			</control>
		</control>
        <!-- Channel BigList - 14 entries -->
		<control type="group">
			<top>70</top>
			<visible>Control.IsVisible(52)</visible>
			<include>VisibleFadeAnimation</include>
			<include>WindowOpenCloseAnimation</include>
			<control type="group">
				<control type="image">
					<left>50</left>
					<top>910</top>
					<width>1031</width>
					<height>940</height>
					<texture border="40">panel_reflect.png</texture>
				</control>
				<control type="image">
					<left>50</left>
					<width>1031</width>
					<height>940</height>
					<texture border="40">listpanel_back.png</texture>
				</control>
				<control type="image">
					<left>1080</left>
					<top>910</top>
					<width>780</width>
					<height>940</height>
					<texture border="40">panel_reflect.png</texture>
				</control>
				<control type="image">
					<left>1080</left>
					<width>780</width>
					<height>940</height>
					<texture border="40">listpanel_back.png</texture>
				</control>
			</control>
			<control type="group">
				<left>60</left>
				<top>30</top>
				<control type="group">
					<left>20</left>
					<control type="fixedlist" id="52">
                        <focusposition>6</focusposition>
                        <movement>6</movement>
						<width>970</width>
						<height>882</height>
						<onleft>SetProperty(MediaMenu,True,Home)</onleft>
						<onleft>SetFocus(9050)</onleft>
						<onright condition="!Control.IsVisible(64) + !Control.IsVisible(65)">SetProperty(MediaMenu,True,Home)</onright>
						<onright condition="!Control.IsVisible(64) + !Control.IsVisible(65)">SetFocus(9050)</onright>
						<onright condition="Control.IsVisible(64)">64</onright>
						<onright condition="!Control.IsVisible(64) + Control.IsVisible(65)">65</onright>
						<onup>52</onup>
						<ondown>52</ondown>
						<pagecontrol>64</pagecontrol>
						<viewtype label="$LOCALIZE[31242]">list</viewtype>
						<scrolltime tween="quadratic">200</scrolltime>
						<itemlayout height="63" width="970">
							<control type="label">
								<left>2</left>
								<width>70</width>
								<height>63</height>
								<align>right</align>
								<font>font14_textbox</font>
								<label>[B]$INFO[ListItem.ChannelNumberLabel][/B]</label>
							</control>
							<control type="progress">
								<left>90</left>
								<top>24</top>
								<width>80</width>
								<height>14</height>
								<info>ListItem.Progress</info>
                                <texturebg colordiffuse="$VAR[ThemeLabelColor]" border="3,0,3,0">new_pvr/texturebg_border_white.png</texturebg>
                                <midtexture colordiffuse="$VAR[ThemeLabelColor]" border="0">new_pvr/texturebg_white.png</midtexture>
								<visible>!String.IsEmpty(ListItem.Title)</visible>
							</control>
							<control type="label">
								<left>185</left>
								<textcolor>$VAR[ThemeLabelColor]</textcolor>
                                <selectedcolor>white</selectedcolor>
								<font>font14_textbox</font>
								<width>700</width>
								<height>63</height>
                                <label>[B][COLOR white]$INFO[ListItem.Label][/COLOR][/B]$INFO[ListItem.Title,  ] [COLOR grey][I]$VAR[PVRSeasonAndEpisodeVar][/I][/COLOR]</label>
							</control>
							<control type="image">
								<left>880</left>
								<top>7</top>
								<width>80</width>
								<height>50</height>
								<aspectratio>keep</aspectratio>
								<texture>$INFO[ListItem.Icon]</texture>
								<animation effect="slide" start="0" end="-30" time="0" tween="sine" easing="in" condition="[ListItem.HasTimer | ListItem.IsRecording]">Conditional</animation>
							</control>
							<control type="image">
								<left>913</left>
								<top>12</top>
								<width>40</width>
								<height>40</height>
								<texture>new_pvr/PVR-IsRecording.png</texture>
								<animation effect="fade" start="100" end="40" time="2000" pulse="true" condition="true">Conditional</animation>
								<visible>ListItem.IsRecording</visible>
							</control>
						</itemlayout>
						<focusedlayout height="63" width="970">
							<control type="image">
								<left>1</left>
								<width>970</width>
								<height>63</height>
								<texture colordiffuse="$VAR[HighlightBarColor]" border="4">listselect_fo.png</texture>
								<animation effect="fade" start="100" end="0" time="300" tween="sine" easing="inout" condition="!Control.HasFocus(52)">Conditional</animation>
							</control>
							<control type="label">
								<left>2</left>
								<width>70</width>
								<height>63</height>
								<align>right</align>
								<selectedcolor>white</selectedcolor>
								<font>font14_textbox</font>
								<label>[B]$INFO[ListItem.ChannelNumberLabel][/B]</label>
							</control>
							<control type="progress">
								<left>90</left>
								<top>24</top>
								<width>80</width>
								<height>14</height>
								<info>ListItem.Progress</info>
                                <texturebg colordiffuse="$VAR[ThemeLabelColor]" border="3,0,3,0">new_pvr/texturebg_border_white.png</texturebg>
                                <midtexture colordiffuse="$VAR[ThemeLabelColor]" border="0">new_pvr/texturebg_white.png</midtexture>
								<visible>!String.IsEmpty(ListItem.Title)</visible>
							</control>
							<control type="label">
								<left>185</left>
								<textcolor>$VAR[ThemeLabelColor]</textcolor>
								<selectedcolor>white</selectedcolor>
								<font>font14_textbox</font>
								<width>700</width>
								<height>63</height>
                                <label>[B][COLOR white]$INFO[ListItem.Label][/COLOR][/B]$INFO[ListItem.Title,  ] [COLOR grey][I]$VAR[PVRSeasonAndEpisodeVar][/I][/COLOR]</label>
							</control>
							<control type="image">
								<left>880</left>
								<top>7</top>
								<width>80</width>
								<height>50</height>
								<aspectratio>keep</aspectratio>
								<texture>$INFO[ListItem.Icon]</texture>
								<animation effect="slide" start="0" end="-30" time="0" tween="sine" easing="in" condition="[ListItem.HasTimer | ListItem.IsRecording]">Conditional</animation>
							</control>
							<control type="image">
								<left>913</left>
								<top>12</top>
								<width>40</width>
								<height>40</height>
								<texture>new_pvr/PVR-IsRecording.png</texture>
								<animation effect="fade" start="100" end="40" time="2000" pulse="true" condition="true">Conditional</animation>
								<visible>ListItem.IsRecording</visible>
							</control>
						</focusedlayout>
					</control>
					<control type="scrollbar" id="64">
						<left>967</left>
						<width>14</width>
						<height>882</height>
						<onleft>52</onleft>
						<ondown>64</ondown>
						<onup>64</onup>
						<showonepage>false</showonepage>
						<texturesliderbackground />
						<texturesliderbar colordiffuse="80FFFFFF" border="1">scrollbar/texturesliderbar2.png</texturesliderbar>
						<texturesliderbarfocus border="1">scrollbar/texturesliderbar2.png</texturesliderbarfocus>
						<orientation>vertical</orientation>
					</control>
				</control>
				<control type="group">
					<left>1049</left>
					<height>875</height>
					<control type="group">
						<width>720</width>
						<height>405</height>
						<control type="image">
							<width>720</width>
							<height>405</height>
							<texture fallback="special://skin/backgrounds/fallback_movies.jpg">$INFO[Skin.String(Home_Custom_Back_TV_Folder)]</texture>
							<include>VisibleFadeAnimation</include>
							<visible>!Player.HasVideo</visible>
						</control>
						<control type="image">
							<width>720</width>
							<height>405</height>
							<texture>black.png</texture>
							<visible>Player.HasVideo</visible>
						</control>
						<control type="videowindow">
							<width>720</width>
							<height>405</height>
							<visible>Player.HasVideo</visible>
							<animation effect="slide" end="-3000,0" time="0">WindowClose</animation>
						</control>
                        <!-- ########################################################## -->
                        <!-- ########################################################## -->
                        <!-- ########################################################## -->
                        <!-- new: LiveTV Mod -->
                        <!-- TV Thumb instead of Tv channel logo on right side - Big List -->
                        <control type="image">
                            <width>720</width>
                            <height>405</height>
                            <texture>$INFO[ListItem.Icon]</texture>
                            <aspectratio scalediffuse="false" align="center" aligny="center">keep</aspectratio>
                            <visible>!String.IsEqual(ListItem.Icon,DefaultVideo.png) + String.IsEmpty(Window(home).Property(SkinHelper.ListItem.Art.Landscape)) + !Player.HasVideo</visible>
                            <animation effect="fade" start="100" end="40" time="200" condition="Control.IsVisible(56)">Conditional</animation>
                        </control>
                        <control type="image">
                            <width>720</width>
                            <height>405</height>
                            <texture>$INFO[Window(home).Property(SkinHelper.ListItem.Art.Landscape)]</texture>
                            <aspectratio scalediffuse="false" align="center" aligny="top">keep</aspectratio>
                            <visible>!String.IsEmpty(Window(home).Property(SkinHelper.ListItem.Art.Landscape)) + !Player.HasVideo</visible>
                        </control>
                        <!-- ########################################################## -->
                        <!-- ########################################################## -->
                        <!-- ########################################################## -->
					</control>
                    
                    <control type="group">
                        <description>Playing item info</description>
                        <visible>Player.HasVideo</visible>
                        <height>40</height>
                        <control type="image">
                            <width>720</width>
                            <height>50</height>
                            <texture>back.png</texture>
                            <animation effect="fade" end="70" time="200" condition="true">Conditional</animation>
                        </control>
                        <control type="image">
                            <top>355</top>
                            <width>720</width>
                            <height>50</height>
                            <texture>back.png</texture>
                            <animation effect="fade" end="70" time="200" condition="true">Conditional</animation>
                            <visible>!String.IsEmpty(VideoPlayer.Episodename) | !String.IsEmpty(VideoPlayer.PlotOutline)</visible>
                        </control>
                        <control type="image">
                            <left>490</left>
                            <top>180</top>
                            <width>220</width>
                            <height>165</height>
                            <aspectratio scalediffuse="false" align="left" aligny="bottom">keep</aspectratio>
                            <texture>$INFO[Window(home).Property(SkinHelper.Player.Art.Clearlogo)]</texture>
                        </control>
                        <control type="group">
                            <top>10</top>
                            <control type="label">
                                <left>20</left>
                                <top>-2</top>
                                <width>700</width>
                                <height>40</height>
                                <label>[I][B]$INFO[VideoPlayer.Title,$LOCALIZE[31040]:  ][/B][/I]</label>
                                <font>font11</font>
                                <scroll>true</scroll>
                            </control>
                            <control type="label">
                                <left>20</left>
                                <top>353</top>
                                <width>700</width>
                                <height>40</height>
                                <label>[I]$VAR[PVRNowPlayingSeasonAndEpisodeOrPlotOutlineVar][/I]</label>
                                <font>font11</font>
                                <scroll>true</scroll>
                                <visible>!String.IsEmpty(VideoPlayer.Episodename) | !String.IsEmpty(VideoPlayer.PlotOutline)</visible>
                            </control>
                            <control type="image">
                                <left>650</left>
                                <top>-7</top>
                                <width>62</width>
                                <height>47</height>
                                <aspectratio>keep</aspectratio>
                                <texture>$INFO[VideoPlayer.Cover]</texture>
                            </control>
                        </control>
                    </control>
					<control type="group">
						<top>410</top>
						<height>75</height>
						<width>720</width>
						<control type="label">
							<left>20</left>
							<top>4</top>
							<width>680</width>
							<height>30</height>
							<align>center</align>
							<label>$INFO[Container(52).ListItem.Title]</label>
							<font>font15_bold</font>
							<textcolor>$VAR[ThemeLabelColor]</textcolor>
							<scroll>true</scroll>
						</control>
						<control type="label">
							<left>10</left>
							<top>40</top>
							<width>100</width>
							<height>30</height>
							<align>center</align>
							<label>$INFO[Container(52).ListItem.StartTime]</label>
							<font>font12</font>
							<textcolor>D0FFFFFF</textcolor>
							<visible>Container(52).ListItem.HasEpg</visible>
						</control>
						<control type="progress">
							<left>115</left>
							<top>47</top>
							<width>475</width>
							<height>18</height>
							<midtexture colordiffuse="$VAR[ThemeLabelColor]" border="0">new_pvr/texturebg_white.png</midtexture>
							<texturebg colordiffuse="$VAR[ThemeLabelColor]" border="3,0,3,0">new_pvr/texturebg_border_white.png</texturebg>
							<lefttexture />
							<righttexture />
							<visible>Container(52).ListItem.HasEpg</visible>
							<info>Container(52).ListItem.Progress</info>
						</control>
						<control type="label">
							<left>600</left>
							<top>40</top>
							<width>100</width>
							<height>30</height>
							<align>center</align>
							<label>$INFO[Container(52).ListItem.EndTime]</label>
							<font>font12</font>
							<textcolor>d0FFFFFF</textcolor>
							<visible>Container(52).ListItem.HasEpg</visible>
						</control>
					</control>
					<control type="group">
						<top>485</top>
						<left>10</left>
						<width>720</width>
						<height>310</height>
						<control type="label">
							<width>700</width>
							<height>27</height>
							<align>center</align>
                            <label>[B]$VAR[PVRSeasonAndEpisodeVar,, - ]$VAR[PVREpisodenameOrPlotOutlineVar][/B]</label>
							<textcolor>$VAR[ThemeLabelColor]</textcolor>
						</control>
						<control type="textbox" id="72">
							<top>40</top>
							<width>700</width>
							<height>255</height>
							<label>$INFO[Container(52).ListItem.Plot]</label>
							<font>font14_textbox</font>
							<shadowcolor>black</shadowcolor>
							<pagecontrol>65</pagecontrol>
							<autoscroll time="4000" delay="5000" repeat="5000">true</autoscroll>
						</control>
					</control>
					<control type="scrollbar" id="65">
						<left>718</left>
						<top>532</top>
						<width>14</width>
						<height>255</height>
						<onup>PageUp(72)</onup>
						<ondown>PageUp(72)</ondown>
						<onleft>50</onleft>
						<onright>SetProperty(MediaMenu,True,Home)</onright>
						<onright>SetFocus(9050)</onright>
						<texturesliderbackground />
						<texturesliderbar colordiffuse="80FFFFFF" border="1">scrollbar/texturesliderbar2.png</texturesliderbar>
						<texturesliderbarfocus border="1">scrollbar/texturesliderbar2.png</texturesliderbarfocus>
						<showonepage>false</showonepage>
						<orientation>vertical</orientation>
					</control>
					<control type="group">
						<top>794</top>
						<left>10</left>
						<height>70</height>
						<control type="label">
							<height>40</height>
							<width>700</width>
							<textcolor>$VAR[ThemeLabelColor]</textcolor>
							<label>$INFO[Container(52).ListItem.Genre,$LOCALIZE[515]: [COLOR grey2],[/COLOR]]</label>
						</control>
						<control type="label">
							<top>45</top>
							<height>30</height>
							<width>700</width>
							<textcolor>$VAR[ThemeLabelColor]</textcolor>
							<label>$INFO[Container(52).ListItem.NextStartTime,$LOCALIZE[19031]: [COLOR grey2],[/COLOR]]$INFO[Container(52).ListItem.NextEndTime, [COLOR grey2]- ,[/COLOR]]$INFO[Container(52).ListItem.NextTitle,   [COLOR grey2],[/COLOR]]</label>
						</control>
					</control>
				</control>
			</control>
		</control>
		<include condition="!Skin.HasSetting(Disable.ScrollLabel)">ScrollOffsetLabel</include>
		<control type="image">
			<include>FullscreenDimensions</include>
			<texture>black-back.png</texture>
			<animation effect="fade" time="400">Visible</animation>
			<animation effect="fade" time="200">Hidden</animation>
			<visible>Window.IsActive(FileBrowser) | Window.IsActive(PVRGuideInfo) | Window.IsActive(PVRRecordingInfo) | Window.IsActive(PVRTimerSetting) | Window.IsActive(PVRGroupManager) | Window.IsActive(PVRGuideSearch)</visible>
		</control>
		<include>Topbar</include>
		<include>PVRMediaMenu</include>
		<control type="label">
			<left>60</left>
			<top>60</top>
			<width>915</width>
			<height>60</height>
			<label>$INFO[PVR.ChannelNumberInput]</label>
			<font>font_MainMenu</font>
			<shadowcolor>black</shadowcolor>
			<visible>!String.IsEmpty(PVR.ChannelNumberInput)</visible>
		</control>
	</controls>
</window>
