<?xml version="1.0" encoding="UTF-8"?>
<window>
	<defaultcontrol>50</defaultcontrol>
	<onload>SetProperty(Window.HasSettings,True,Home)</onload>
	<onload>ClearProperty(MediaMenu,Home)</onload>
	<onunload>ClearProperty(MediaMenu,Home)</onunload>
	<onunload>ClearProperty(Window.HasSettings,Home)</onunload>
	<views>50</views>
	<controls>
		<include>CommonBackground</include>
		<control type="group">
			<description>Timers group</description>
			<visible>Control.IsVisible(50)</visible>
			<include>WindowOpenCloseAnimation</include>
			<include>ViewAnimation</include>
			<left>100</left>
			<top>-40</top>
			<control type="image">
				<left>-32</left>
				<top>1020</top>
				<width>1204</width>
				<height>904</height>
				<texture border="40">panel_reflect.png</texture>
			</control>
			<control type="image">
				<left>-32</left>
				<top>148</top>
				<width>1204</width>
				<height>904</height>
				<texture border="40">listpanel_back.png</texture>
			</control>
			<control type="list" id="50">
				<top>180</top>
				<width>1140</width>
				<height>840</height>
				<onleft>SetProperty(MediaMenu,True,Home)</onleft>
				<onleft>SetFocus(9050)</onleft>
				<onright>72</onright>
				<onup>50</onup>
				<ondown>50</ondown>
				<viewtype label="535">list</viewtype>
				<pagecontrol>72</pagecontrol>
				<scrolltime tween="quadratic">200</scrolltime>
				<itemlayout height="120" width="1140">
                    <control type="image" id="95555">
						<left>10</left>
						<top>8</top>
						<width>180</width>
						<height>105</height>
						<aspectratio>keep</aspectratio>
                        <texture background="true">http://localhost:52307/getpvrthumb&amp;title=$ESCINFO[ListItem.Label]&amp;type=clearlogo,clearart,fanart</texture>
                        <visible>!String.IsEqual(ListItem.Label,$LOCALIZE[19026])</visible>
					</control>
                    <control type="image">
                        <left>10</left>
                        <top>8</top>
                        <width>180</width>
                        <height>105</height>
                        <aspectratio>keep</aspectratio>
                        <colordiffuse>88FFFFFF</colordiffuse>
                        <texture background="true">$INFO[ListItem.Icon]</texture>
                        <visible>[String.IsEqual(Control.GetLabel(95555),empty.png)]</visible>
                    </control>
                    <control type="label">
						<left>205</left>
						<top>20</top>
						<width>880</width>
						<height>70</height>
						<font>font60</font>
						<textcolor>grey2</textcolor>
						<label>$INFO[ListItem.Label]</label>
						<visible>String.IsEqual(ListItem.Label,$LOCALIZE[19026])</visible>
					</control>
					<control type="label">
						<left>205</left>
						<width>880</width>
						<height>70</height>
						<font>font30</font>
						<textcolor>grey2</textcolor>
						<label>$INFO[ListItem.Label]</label>
						<visible>!String.IsEqual(ListItem.Label,$LOCALIZE[19026])</visible>
					</control>
                    <control type="label">
                        <left>205</left>
                        <top>75</top>
                        <width>880</width>
                        <height>20</height>
                        <font>font13</font>
                        <textcolor>grey2</textcolor>
                        <label>$VAR[PVRSeasonAndEpisodeVar,, - ]$VAR[PVREpisodenameOrPlotOutlineVar,,[CR]]$INFO[ListItem.Plot]</label>
                    </control>
                    <control type="label">
                        <left>595</left>
                        <top>20</top>
                        <width>420</width>
                        <height>50</height>
                        <font>font12</font>
                        <textcolor>grey2</textcolor>
                        <label>$INFO[ListItem.ChannelName]</label>
                        <align>right</align>
                    </control>
                    <control type="image">
                        <left>1025</left>
                        <top>5</top>
                        <width>60</width>
                        <height>50</height>
                        <aspectratio align="right" aligny="bottom">keep</aspectratio>
                        <texture background="true">$INFO[ListItem.Icon]</texture>
                        <visible>!String.IsEqual(ListItem.Label,$LOCALIZE[19026])</visible>
                    </control>
					<control type="label">
						<left>205</left>
                        <top>65</top>
                        <width>880</width>
                        <height>50</height>
                        <font>font13</font>
						<textcolor>grey3</textcolor>
						<label>$INFO[ListItem.Date]</label>
                        <align>right</align>
					</control>
					<control type="group">
						<visible>[ListItem.HasTimer | ListItem.IsRecording]</visible>
						<left>1017</left>
						<control type="label">
							<top>44</top>
							<width>120</width>
							<height>30</height>
							<font>IconTiny</font>
							<textoffsetx>15</textoffsetx>
							<textcolor>grey2</textcolor>
							<align>right</align>
							<label></label>
							<visible>ListItem.HasTimer</visible>
						</control>
						<control type="image">
							<top>40</top>
							<left>71</left>
							<width>40</width>
							<height>40</height>
							<texture>new_pvr/PVR-IsRecording.png</texture>
							<animation effect="fade" start="100" end="40" time="2000" pulse="true" condition="true">Conditional</animation>
						</control>
					</control>
				</itemlayout>
				<focusedlayout height="120" width="1140">
					<control type="image">
						<width>1140</width>
						<height>120</height>
						<texture colordiffuse="$VAR[HighlightBarColor]" border="4">listselect_fo.png</texture>
						<visible>Control.HasFocus(50)</visible>
						<include>VisibleFadeAnimation</include>
					</control>
                    <control type="image" id="95555">
                        <left>10</left>
                        <top>8</top>
                        <width>180</width>
                        <height>105</height>
                        <aspectratio>keep</aspectratio>
                        <texture background="true">http://localhost:52307/getpvrthumb&amp;title=$ESCINFO[ListItem.Label]&amp;type=clearlogo,clearart,fanart</texture>
                        <visible>!String.IsEqual(ListItem.Label,$LOCALIZE[19026])</visible>
                    </control>
                    <control type="image">
                        <left>10</left>
                        <top>8</top>
                        <width>180</width>
                        <height>105</height>
                        <aspectratio>keep</aspectratio>
                        <colordiffuse>88FFFFFF</colordiffuse>
                        <texture background="true">$INFO[ListItem.Icon]</texture>
                        <visible>[String.IsEqual(Control.GetLabel(95555),empty.png)]</visible>
                    </control>
					<control type="label">
						<left>205</left>
						<top>20</top>
						<width>880</width>
						<height>70</height>
						<font>font60</font>
						<label>$INFO[ListItem.Label]</label>
						<visible>String.IsEqual(ListItem.Label,$LOCALIZE[19026])</visible>
                        <shadowcolor>black</shadowcolor>
					</control>
					<control type="label">
						<left>205</left>
						<width>880</width>
						<height>70</height>
						<font>font30</font>
						<label>$INFO[ListItem.Label]</label>
						<visible>!String.IsEqual(ListItem.Label,$LOCALIZE[19026])</visible>
                        <shadowcolor>black</shadowcolor>
					</control>
                    <control type="label">
                        <left>205</left>
                        <top>75</top>
                        <width>880</width>
                        <height>20</height>
                        <font>font13</font>
                        <textcolor>$VAR[ThemeLabelColor]</textcolor>
                        <label>$VAR[PVRSeasonAndEpisodeVar,, - ]$VAR[PVREpisodenameOrPlotOutlineVar,,[CR]]$INFO[ListItem.Plot]</label>
                        <shadowcolor>black</shadowcolor>
                    </control>
                    <control type="label">
                        <left>595</left>
                        <top>20</top>
                        <width>420</width>
                        <height>50</height>
                        <font>font12</font>
                        <textcolor>$VAR[ThemeLabelColor]</textcolor>
                        <label>$INFO[ListItem.ChannelName]</label>
                        <align>right</align>
                        <shadowcolor>black</shadowcolor>
                    </control>
                    <control type="image">
                        <left>1025</left>
                        <top>5</top>
                        <width>60</width>
                        <height>50</height>
                        <aspectratio align="right" aligny="bottom">keep</aspectratio>
                        <texture background="true">$INFO[ListItem.Icon]</texture>
                        <visible>!String.IsEqual(ListItem.Label,$LOCALIZE[19026])</visible>
                    </control>
					<control type="label">
						<left>205</left>
						<top>65</top>
						<width>880</width>
						<height>50</height>
						<font>font13</font>
						<label>$INFO[ListItem.Date]</label>
                        <align>right</align>
                        <shadowcolor>black</shadowcolor>
					</control>
					<control type="group">
						<visible>[ListItem.HasTimer | ListItem.IsRecording]</visible>
						<left>1017</left>
						<control type="label">
							<top>44</top>
							<width>120</width>
							<height>30</height>
							<font>IconTiny</font>
							<textoffsetx>15</textoffsetx>
							<align>right</align>
							<label></label>
							<visible>ListItem.HasTimer</visible>
						</control>
						<control type="image">
							<top>40</top>
							<left>71</left>
							<width>40</width>
							<height>40</height>
							<texture>new_pvr/PVR-IsRecording.png</texture>
							<animation effect="fade" start="100" end="40" time="2000" pulse="true" condition="true">Conditional</animation>
						</control>
					</control>
				</focusedlayout>
			</control>
			<control type="scrollbar" id="72">
				<left>1140</left>
				<top>180</top>
				<width>14</width>
				<height>840</height>
				<onleft>50</onleft>
				<onright>SetProperty(MediaMenu,True,Home)</onright>
				<onright>SetFocus(9050)</onright>
				<texturesliderbackground />
				<texturesliderbar colordiffuse="80FFFFFF" border="1">scrollbar/texturesliderbar2.png</texturesliderbar>
				<texturesliderbarfocus border="1">scrollbar/texturesliderbar2.png</texturesliderbarfocus>
				<showonepage>false</showonepage>
				<orientation>vertical</orientation>
			</control>
			<control type="group">
				<left>1196</left>
				<top>195</top>
                <control type="group">
                    <visible>String.IsEmpty(Window(Home).Property(SkinHelper.ListItem.Art.Poster)) + !String.IsEqual(ListItem.Label,$LOCALIZE[19026])</visible>
                    <control type="image">
                        <width>570</width>
                        <height>835</height>
                        <aspectratio aligny="bottom">keep</aspectratio>
                        <texture background="true" fallback="DefaultVideo.png">$INFO[Container(50).ListItem.Icon]</texture>
                        <fadetime>IconCrossfadeTime</fadetime>
                        <bordertexture border="20">thumbs/thumb_shadow.png</bordertexture>
                        <bordersize>20</bordersize>
                    </control>
                    <control type="image">
                        <top>795</top>
                        <width>570</width>
                        <height>835</height>
                        <aspectratio aligny="top">keep</aspectratio>
                        <fadetime>IconCrossfadeTime</fadetime>
                        <texture diffuse="thumbs/thumb_reflect.png" flipy="true" fallback="DefaultVideo.png" background="true">$INFO[Container(50).ListItem.Icon]</texture>
                        <bordersize>20</bordersize>
                    </control>
                </control>
                <control type="group">
                    <visible>!String.IsEmpty(Window(Home).Property(SkinHelper.ListItem.Art.Poster)) + !String.IsEqual(ListItem.Label,$LOCALIZE[19026])</visible>
                    <control type="image">
                        <width>570</width>
                        <height>835</height>
                        <aspectratio aligny="bottom">keep</aspectratio>
                        <texture background="true" fallback="DefaultVideo.png">$INFO[Window(Home).Property(SkinHelper.ListItem.Art.Poster)]</texture>
                        <fadetime>IconCrossfadeTime</fadetime>
                        <bordertexture border="20">thumbs/thumb_shadow.png</bordertexture>
                        <bordersize>20</bordersize>
                    </control>
                    <control type="image">
                        <top>815</top>
                        <width>570</width>
                        <height>835</height>
                        <texture background="true" flipy="true" diffuse="thumbs/thumb_reflect.png">$INFO[Window(Home).Property(SkinHelper.ListItem.Art.Poster)]</texture>
                        <fadetime>IconCrossfadeTime</fadetime>
                        <bordertexture border="20">thumbs/thumb_shadow.png</bordertexture>
                        <aspectratio>keep</aspectratio>
                    </control>
                </control>
			</control>
		</control>
		<include condition="!Skin.HasSetting(Disable.ScrollLabel)">ScrollOffsetLabel</include>
		<control type="image">
			<width>100%</width>
			<height>1080</height>
			<texture>black-back.png</texture>
			<animation effect="fade" time="400">Visible</animation>
			<animation effect="fade" time="200">Hidden</animation>
			<visible>Window.IsActive(FileBrowser) | Window.IsActive(PVRGuideInfo) | Window.IsActive(PVRRecordingInfo) | Window.IsActive(PVRTimerSetting) | Window.IsActive(PVRGroupManager) | Window.IsActive(PVRGuideSearch)</visible>
		</control>
		<include>Topbar</include>
		<include>PVRMediaMenu</include>
	</controls>
</window>
